file,class,method,variable,usage
C:\PROJECTS\Greenhouse-Control-System-Java-Design-Patterns-master\Greenhouse-Control-System-Java-Design-Patterns-master\AverageTemperatureSensor.java,AverageTemperatureSensor,triggered/0,turnOn,1
C:\PROJECTS\Greenhouse-Control-System-Java-Design-Patterns-master\Greenhouse-Control-System-Java-Design-Patterns-master\AverageTemperatureSensor.java,AverageTemperatureSensor,triggered/0,coolingSystem,1
C:\PROJECTS\Greenhouse-Control-System-Java-Design-Patterns-master\Greenhouse-Control-System-Java-Design-Patterns-master\AverageTemperatureSensor.java,AverageTemperatureSensor,triggered/0,message,1
C:\PROJECTS\Greenhouse-Control-System-Java-Design-Patterns-master\Greenhouse-Control-System-Java-Design-Patterns-master\AverageTemperatureSensor.java,AverageTemperatureSensor,triggered/0,execFile,1
C:\PROJECTS\Greenhouse-Control-System-Java-Design-Patterns-master\Greenhouse-Control-System-Java-Design-Patterns-master\StartDarknessCommand.java,StartDarknessCommand,StartDarknessCommand/1[DarknessSystem],alarm,2
C:\PROJECTS\Greenhouse-Control-System-Java-Design-Patterns-master\Greenhouse-Control-System-Java-Design-Patterns-master\StopDarknessCommand.java,StopDarknessCommand,StopDarknessCommand/1[DarknessSystem],alarm,2
C:\PROJECTS\Greenhouse-Control-System-Java-Design-Patterns-master\Greenhouse-Control-System-Java-Design-Patterns-master\BestTemperatureSensor.java,BestTemperatureSensor,triggered/0,turnOn,1
C:\PROJECTS\Greenhouse-Control-System-Java-Design-Patterns-master\Greenhouse-Control-System-Java-Design-Patterns-master\BestTemperatureSensor.java,BestTemperatureSensor,triggered/0,coolingSystem,1
C:\PROJECTS\Greenhouse-Control-System-Java-Design-Patterns-master\Greenhouse-Control-System-Java-Design-Patterns-master\BestTemperatureSensor.java,BestTemperatureSensor,triggered/0,message,1
C:\PROJECTS\Greenhouse-Control-System-Java-Design-Patterns-master\Greenhouse-Control-System-Java-Design-Patterns-master\BestTemperatureSensor.java,BestTemperatureSensor,triggered/0,execFile,1
C:\PROJECTS\Greenhouse-Control-System-Java-Design-Patterns-master\Greenhouse-Control-System-Java-Design-Patterns-master\CheapHumiditySensor.java,CheapHumiditySensor,triggered/0,turnOn,1
C:\PROJECTS\Greenhouse-Control-System-Java-Design-Patterns-master\Greenhouse-Control-System-Java-Design-Patterns-master\CheapHumiditySensor.java,CheapHumiditySensor,triggered/0,coolingSystem,1
C:\PROJECTS\Greenhouse-Control-System-Java-Design-Patterns-master\Greenhouse-Control-System-Java-Design-Patterns-master\CheapHumiditySensor.java,CheapHumiditySensor,triggered/0,message,1
C:\PROJECTS\Greenhouse-Control-System-Java-Design-Patterns-master\Greenhouse-Control-System-Java-Design-Patterns-master\CheapHumiditySensor.java,CheapHumiditySensor,triggered/0,execFile,1
C:\PROJECTS\Greenhouse-Control-System-Java-Design-Patterns-master\Greenhouse-Control-System-Java-Design-Patterns-master\Message.java,Message,sendMessage/1[java.lang.String],message,0
C:\PROJECTS\Greenhouse-Control-System-Java-Design-Patterns-master\Greenhouse-Control-System-Java-Design-Patterns-master\ExecutiveObject.java,ExecutiveObject,showMessage/1[java.lang.String],message,1
C:\PROJECTS\Greenhouse-Control-System-Java-Design-Patterns-master\Greenhouse-Control-System-Java-Design-Patterns-master\GreenhouseControlRemote.java,GreenhouseControlRemote,setCommand/1[Command],command,2
C:\PROJECTS\Greenhouse-Control-System-Java-Design-Patterns-master\Greenhouse-Control-System-Java-Design-Patterns-master\TemperatureMessage.java,TemperatureMessage,sendMessage/1[java.lang.String],s,1
C:\PROJECTS\Greenhouse-Control-System-Java-Design-Patterns-master\Greenhouse-Control-System-Java-Design-Patterns-master\AverageHumiditySensor.java,AverageHumiditySensor,triggered/0,turnOn,1
C:\PROJECTS\Greenhouse-Control-System-Java-Design-Patterns-master\Greenhouse-Control-System-Java-Design-Patterns-master\AverageHumiditySensor.java,AverageHumiditySensor,triggered/0,coolingSystem,1
C:\PROJECTS\Greenhouse-Control-System-Java-Design-Patterns-master\Greenhouse-Control-System-Java-Design-Patterns-master\AverageHumiditySensor.java,AverageHumiditySensor,triggered/0,message,1
C:\PROJECTS\Greenhouse-Control-System-Java-Design-Patterns-master\Greenhouse-Control-System-Java-Design-Patterns-master\AverageHumiditySensor.java,AverageHumiditySensor,triggered/0,execFile,1
C:\PROJECTS\Greenhouse-Control-System-Java-Design-Patterns-master\Greenhouse-Control-System-Java-Design-Patterns-master\AverageLightSensor.java,AverageLightSensor,triggered/0,darknessSystem,1
C:\PROJECTS\Greenhouse-Control-System-Java-Design-Patterns-master\Greenhouse-Control-System-Java-Design-Patterns-master\AverageLightSensor.java,AverageLightSensor,triggered/0,turnOn,1
C:\PROJECTS\Greenhouse-Control-System-Java-Design-Patterns-master\Greenhouse-Control-System-Java-Design-Patterns-master\AverageLightSensor.java,AverageLightSensor,triggered/0,message,1
C:\PROJECTS\Greenhouse-Control-System-Java-Design-Patterns-master\Greenhouse-Control-System-Java-Design-Patterns-master\AverageLightSensor.java,AverageLightSensor,triggered/0,execFile,1
C:\PROJECTS\Greenhouse-Control-System-Java-Design-Patterns-master\Greenhouse-Control-System-Java-Design-Patterns-master\BestLightSensor.java,BestLightSensor,triggered/0,darknessSystem,1
C:\PROJECTS\Greenhouse-Control-System-Java-Design-Patterns-master\Greenhouse-Control-System-Java-Design-Patterns-master\BestLightSensor.java,BestLightSensor,triggered/0,turnOn,1
C:\PROJECTS\Greenhouse-Control-System-Java-Design-Patterns-master\Greenhouse-Control-System-Java-Design-Patterns-master\BestLightSensor.java,BestLightSensor,triggered/0,message,1
C:\PROJECTS\Greenhouse-Control-System-Java-Design-Patterns-master\Greenhouse-Control-System-Java-Design-Patterns-master\BestLightSensor.java,BestLightSensor,triggered/0,execFile,1
C:\PROJECTS\Greenhouse-Control-System-Java-Design-Patterns-master\Greenhouse-Control-System-Java-Design-Patterns-master\SensorSystem.java,SensorSystem,notifyFarmers/0,e,2
C:\PROJECTS\Greenhouse-Control-System-Java-Design-Patterns-master\Greenhouse-Control-System-Java-Design-Patterns-master\SensorSystem.java,SensorSystem,register/1[SensorAlarm],sensorAlarm,1
C:\PROJECTS\Greenhouse-Control-System-Java-Design-Patterns-master\Greenhouse-Control-System-Java-Design-Patterns-master\LightMessageAdapter.java,LightMessageAdapter,sendMessage/1[java.lang.String],message,1
C:\PROJECTS\Greenhouse-Control-System-Java-Design-Patterns-master\Greenhouse-Control-System-Java-Design-Patterns-master\LightMessageAdapter.java,LightMessageAdapter,LightMessageAdapter/1[LightMessage],lightMessage,1
C:\PROJECTS\Greenhouse-Control-System-Java-Design-Patterns-master\Greenhouse-Control-System-Java-Design-Patterns-master\TemperatureMessageAdapter.java,TemperatureMessageAdapter,TemperatureMessageAdapter/1[TemperatureMessage],tempMessage,1
C:\PROJECTS\Greenhouse-Control-System-Java-Design-Patterns-master\Greenhouse-Control-System-Java-Design-Patterns-master\TemperatureMessageAdapter.java,TemperatureMessageAdapter,sendMessage/1[java.lang.String],message,1
C:\PROJECTS\Greenhouse-Control-System-Java-Design-Patterns-master\Greenhouse-Control-System-Java-Design-Patterns-master\CheapLightSensor.java,CheapLightSensor,triggered/0,darknessSystem,1
C:\PROJECTS\Greenhouse-Control-System-Java-Design-Patterns-master\Greenhouse-Control-System-Java-Design-Patterns-master\CheapLightSensor.java,CheapLightSensor,triggered/0,turnOn,1
C:\PROJECTS\Greenhouse-Control-System-Java-Design-Patterns-master\Greenhouse-Control-System-Java-Design-Patterns-master\CheapLightSensor.java,CheapLightSensor,triggered/0,message,1
C:\PROJECTS\Greenhouse-Control-System-Java-Design-Patterns-master\Greenhouse-Control-System-Java-Design-Patterns-master\CheapLightSensor.java,CheapLightSensor,triggered/0,execFile,1
C:\PROJECTS\Greenhouse-Control-System-Java-Design-Patterns-master\Greenhouse-Control-System-Java-Design-Patterns-master\StopCoolingSystemCommand.java,StopCoolingSystemCommand,StopCoolingSystemCommand/1[CoolingSystem],alarm,2
C:\PROJECTS\Greenhouse-Control-System-Java-Design-Patterns-master\Greenhouse-Control-System-Java-Design-Patterns-master\StartCoolingSystemCommand.java,StartCoolingSystemCommand,StartCoolingSystemCommand/1[CoolingSystem],alarm,2
C:\PROJECTS\Greenhouse-Control-System-Java-Design-Patterns-master\Greenhouse-Control-System-Java-Design-Patterns-master\HumidityMessageAdapter.java,HumidityMessageAdapter,sendMessage/1[java.lang.String],message,1
C:\PROJECTS\Greenhouse-Control-System-Java-Design-Patterns-master\Greenhouse-Control-System-Java-Design-Patterns-master\HumidityMessageAdapter.java,HumidityMessageAdapter,HumidityMessageAdapter/1[HumidityMessage],humMessage,1
C:\PROJECTS\Greenhouse-Control-System-Java-Design-Patterns-master\Greenhouse-Control-System-Java-Design-Patterns-master\HumidityMessage.java,HumidityMessage,sendMessage/1[java.lang.String],s,1
C:\PROJECTS\Greenhouse-Control-System-Java-Design-Patterns-master\Greenhouse-Control-System-Java-Design-Patterns-master\BestHumiditySensor.java,BestHumiditySensor,triggered/0,turnOn,1
C:\PROJECTS\Greenhouse-Control-System-Java-Design-Patterns-master\Greenhouse-Control-System-Java-Design-Patterns-master\BestHumiditySensor.java,BestHumiditySensor,triggered/0,coolingSystem,1
C:\PROJECTS\Greenhouse-Control-System-Java-Design-Patterns-master\Greenhouse-Control-System-Java-Design-Patterns-master\BestHumiditySensor.java,BestHumiditySensor,triggered/0,message,1
C:\PROJECTS\Greenhouse-Control-System-Java-Design-Patterns-master\Greenhouse-Control-System-Java-Design-Patterns-master\BestHumiditySensor.java,BestHumiditySensor,triggered/0,execFile,1
C:\PROJECTS\Greenhouse-Control-System-Java-Design-Patterns-master\Greenhouse-Control-System-Java-Design-Patterns-master\MainProject.java,MainProject,main/1[java.lang.String[]],args,0
C:\PROJECTS\Greenhouse-Control-System-Java-Design-Patterns-master\Greenhouse-Control-System-Java-Design-Patterns-master\MainProject.java,MainProject,main/1[java.lang.String[]],humiditySensor,1
C:\PROJECTS\Greenhouse-Control-System-Java-Design-Patterns-master\Greenhouse-Control-System-Java-Design-Patterns-master\MainProject.java,MainProject,main/1[java.lang.String[]],temperatureSensor,1
C:\PROJECTS\Greenhouse-Control-System-Java-Design-Patterns-master\Greenhouse-Control-System-Java-Design-Patterns-master\MainProject.java,MainProject,main/1[java.lang.String[]],lightSensor,1
C:\PROJECTS\Greenhouse-Control-System-Java-Design-Patterns-master\Greenhouse-Control-System-Java-Design-Patterns-master\MainProject.java,MainProject,main/1[java.lang.String[]],sensorSystem,4
C:\PROJECTS\Greenhouse-Control-System-Java-Design-Patterns-master\Greenhouse-Control-System-Java-Design-Patterns-master\MainProject.java,MainProject,main/1[java.lang.String[]],alarm,1
C:\PROJECTS\Greenhouse-Control-System-Java-Design-Patterns-master\Greenhouse-Control-System-Java-Design-Patterns-master\MainProject.java,MainProject,main/1[java.lang.String[]],darkAlarm,1
C:\PROJECTS\Greenhouse-Control-System-Java-Design-Patterns-master\Greenhouse-Control-System-Java-Design-Patterns-master\MainProject.java,MainProject,main/1[java.lang.String[]],remote,4
C:\PROJECTS\Greenhouse-Control-System-Java-Design-Patterns-master\Greenhouse-Control-System-Java-Design-Patterns-master\MainProject.java,MainProject,main/1[java.lang.String[]],execFile,0
C:\PROJECTS\Greenhouse-Control-System-Java-Design-Patterns-master\Greenhouse-Control-System-Java-Design-Patterns-master\MainProject.java,MainProject,main/1[java.lang.String[]],brand,4
C:\PROJECTS\Greenhouse-Control-System-Java-Design-Patterns-master\Greenhouse-Control-System-Java-Design-Patterns-master\LightMessage.java,LightMessage,sendMessage/1[java.lang.String],s,1
C:\PROJECTS\Greenhouse-Control-System-Java-Design-Patterns-master\Greenhouse-Control-System-Java-Design-Patterns-master\CheapTemperatureSensor.java,CheapTemperatureSensor,triggered/0,turnOn,1
C:\PROJECTS\Greenhouse-Control-System-Java-Design-Patterns-master\Greenhouse-Control-System-Java-Design-Patterns-master\CheapTemperatureSensor.java,CheapTemperatureSensor,triggered/0,coolingSystem,1
C:\PROJECTS\Greenhouse-Control-System-Java-Design-Patterns-master\Greenhouse-Control-System-Java-Design-Patterns-master\CheapTemperatureSensor.java,CheapTemperatureSensor,triggered/0,message,1
C:\PROJECTS\Greenhouse-Control-System-Java-Design-Patterns-master\Greenhouse-Control-System-Java-Design-Patterns-master\CheapTemperatureSensor.java,CheapTemperatureSensor,triggered/0,execFile,1
