file,class,method,variable,usage
C:\PROJECTS\Simple_Java_AdventureGame-master\Simple_Java_AdventureGame-master\src\abstractFactory\NoLockDoor.java,abstractFactory.NoLockDoor,setRoom/1[model.Room],room,1
C:\PROJECTS\Simple_Java_AdventureGame-master\Simple_Java_AdventureGame-master\src\abstractFactory\NoLockDoor.java,abstractFactory.NoLockDoor,setKey/1[int],key,0
C:\PROJECTS\Simple_Java_AdventureGame-master\Simple_Java_AdventureGame-master\src\abstractFactory\NoLockDoor.java,abstractFactory.NoLockDoor,checkkey/1[int],key,0
C:\PROJECTS\Simple_Java_AdventureGame-master\Simple_Java_AdventureGame-master\src\abstractFactory\NoLockDoor.java,abstractFactory.NoLockDoor,"setPosition/2[int,int]",x,1
C:\PROJECTS\Simple_Java_AdventureGame-master\Simple_Java_AdventureGame-master\src\abstractFactory\NoLockDoor.java,abstractFactory.NoLockDoor,"setPosition/2[int,int]",y,1
C:\PROJECTS\Simple_Java_AdventureGame-master\Simple_Java_AdventureGame-master\src\abstractFactory\NoLockDoor.java,abstractFactory.NoLockDoor,"getPosition/2[int,int]",x,1
C:\PROJECTS\Simple_Java_AdventureGame-master\Simple_Java_AdventureGame-master\src\abstractFactory\NoLockDoor.java,abstractFactory.NoLockDoor,"getPosition/2[int,int]",y,1
C:\PROJECTS\Simple_Java_AdventureGame-master\Simple_Java_AdventureGame-master\src\iterator\ThingIterator.java,iterator.ThingIterator,ThingIterator/1[iterator.ThingList],list,2
C:\PROJECTS\Simple_Java_AdventureGame-master\Simple_Java_AdventureGame-master\src\flyweight\Coordinates.java,flyweight.Coordinates,"Coordinates/2[int,int]",x,2
C:\PROJECTS\Simple_Java_AdventureGame-master\Simple_Java_AdventureGame-master\src\flyweight\Coordinates.java,flyweight.Coordinates,"Coordinates/2[int,int]",y,2
C:\PROJECTS\Simple_Java_AdventureGame-master\Simple_Java_AdventureGame-master\src\decorator\EquipItem.java,decorator.EquipItem,setname/1[java.lang.String],name,2
C:\PROJECTS\Simple_Java_AdventureGame-master\Simple_Java_AdventureGame-master\src\decorator\EquipItem.java,decorator.EquipItem,setweight/1[int],weight,2
C:\PROJECTS\Simple_Java_AdventureGame-master\Simple_Java_AdventureGame-master\src\decorator\EquipItem.java,decorator.EquipItem,setatk/1[int],atk,1
C:\PROJECTS\Simple_Java_AdventureGame-master\Simple_Java_AdventureGame-master\src\decorator\EquipItem.java,decorator.EquipItem,setdef/1[int],def,1
C:\PROJECTS\Simple_Java_AdventureGame-master\Simple_Java_AdventureGame-master\src\decorator\EquipItem.java,decorator.EquipItem,"setsite/2[int,int]",x,2
C:\PROJECTS\Simple_Java_AdventureGame-master\Simple_Java_AdventureGame-master\src\decorator\EquipItem.java,decorator.EquipItem,"setsite/2[int,int]",y,2
C:\PROJECTS\Simple_Java_AdventureGame-master\Simple_Java_AdventureGame-master\src\decorator\EquipItem.java,decorator.EquipItem,setid/1[int],id,2
C:\PROJECTS\Simple_Java_AdventureGame-master\Simple_Java_AdventureGame-master\src\model\Room.java,model.Room,setId/1[int],id,2
C:\PROJECTS\Simple_Java_AdventureGame-master\Simple_Java_AdventureGame-master\src\model\Room.java,model.Room,setName/1[java.lang.String],name,2
C:\PROJECTS\Simple_Java_AdventureGame-master\Simple_Java_AdventureGame-master\src\model\Room.java,model.Room,setThings/1[java.util.List],things,2
C:\PROJECTS\Simple_Java_AdventureGame-master\Simple_Java_AdventureGame-master\src\model\Room.java,model.Room,setOpenDoor/1[java.util.List],openDoor,2
C:\PROJECTS\Simple_Java_AdventureGame-master\Simple_Java_AdventureGame-master\src\model\Room.java,model.Room,setLockDoor/1[java.util.List],lockDoor,2
C:\PROJECTS\Simple_Java_AdventureGame-master\Simple_Java_AdventureGame-master\src\model\Player.java,model.Player,moveLR/0,y1,1
C:\PROJECTS\Simple_Java_AdventureGame-master\Simple_Java_AdventureGame-master\src\model\Player.java,model.Player,moveLR/0,x1,5
C:\PROJECTS\Simple_Java_AdventureGame-master\Simple_Java_AdventureGame-master\src\model\Player.java,model.Player,moveUD/0,y1,5
C:\PROJECTS\Simple_Java_AdventureGame-master\Simple_Java_AdventureGame-master\src\model\Player.java,model.Player,moveUD/0,x1,1
C:\PROJECTS\Simple_Java_AdventureGame-master\Simple_Java_AdventureGame-master\src\model\Player.java,model.Player,restore/1[memento.PlayerMemento],memento,3
C:\PROJECTS\Simple_Java_AdventureGame-master\Simple_Java_AdventureGame-master\src\model\Player.java,model.Player,"setPosition/3[int,int,data.MapData]",mapdata,2
C:\PROJECTS\Simple_Java_AdventureGame-master\Simple_Java_AdventureGame-master\src\model\Player.java,model.Player,"setPosition/3[int,int,data.MapData]",x,2
C:\PROJECTS\Simple_Java_AdventureGame-master\Simple_Java_AdventureGame-master\src\model\Player.java,model.Player,"setPosition/3[int,int,data.MapData]",y,2
C:\PROJECTS\Simple_Java_AdventureGame-master\Simple_Java_AdventureGame-master\src\model\Player.java,model.Player,draw/1[java.awt.Graphics],g,20
C:\PROJECTS\Simple_Java_AdventureGame-master\Simple_Java_AdventureGame-master\src\model\Player.java,model.Player,setmapid/1[int],mapid,2
C:\PROJECTS\Simple_Java_AdventureGame-master\Simple_Java_AdventureGame-master\src\model\Player.java,model.Player,run/0,e,1
C:\PROJECTS\Simple_Java_AdventureGame-master\Simple_Java_AdventureGame-master\src\abstractFactory\LockDoor.java,abstractFactory.LockDoor,setRoom/1[model.Room],room,1
C:\PROJECTS\Simple_Java_AdventureGame-master\Simple_Java_AdventureGame-master\src\abstractFactory\LockDoor.java,abstractFactory.LockDoor,setKey/1[int],key,1
C:\PROJECTS\Simple_Java_AdventureGame-master\Simple_Java_AdventureGame-master\src\abstractFactory\LockDoor.java,abstractFactory.LockDoor,"setPosition/2[int,int]",x,1
C:\PROJECTS\Simple_Java_AdventureGame-master\Simple_Java_AdventureGame-master\src\abstractFactory\LockDoor.java,abstractFactory.LockDoor,"setPosition/2[int,int]",y,1
C:\PROJECTS\Simple_Java_AdventureGame-master\Simple_Java_AdventureGame-master\src\abstractFactory\LockDoor.java,abstractFactory.LockDoor,checkkey/1[int],key,1
C:\PROJECTS\Simple_Java_AdventureGame-master\Simple_Java_AdventureGame-master\src\abstractFactory\LockDoor.java,abstractFactory.LockDoor,"getPosition/2[int,int]",x,1
C:\PROJECTS\Simple_Java_AdventureGame-master\Simple_Java_AdventureGame-master\src\abstractFactory\LockDoor.java,abstractFactory.LockDoor,"getPosition/2[int,int]",y,1
C:\PROJECTS\Simple_Java_AdventureGame-master\Simple_Java_AdventureGame-master\src\state\StateManager.java,state.StateManager,setState/1[state.State],state,2
C:\PROJECTS\Simple_Java_AdventureGame-master\Simple_Java_AdventureGame-master\src\state\StateManager.java,state.StateManager,getData/1[data.PlayerData],data,2
C:\PROJECTS\Simple_Java_AdventureGame-master\Simple_Java_AdventureGame-master\src\controller\AdventureGame.java,controller.AdventureGame,paint/1[java.awt.Graphics],g,3
C:\PROJECTS\Simple_Java_AdventureGame-master\Simple_Java_AdventureGame-master\src\controller\AdventureGame.java,controller.AdventureGame,main/1[java.lang.String[]],args,0
C:\PROJECTS\Simple_Java_AdventureGame-master\Simple_Java_AdventureGame-master\src\controller\AdventureGame.java,controller.AdventureGame,main/1[java.lang.String[]],g,0
C:\PROJECTS\Simple_Java_AdventureGame-master\Simple_Java_AdventureGame-master\src\controller\AdventureGame.java,controller.AdventureGame,init/0,mapdata,3
C:\PROJECTS\Simple_Java_AdventureGame-master\Simple_Java_AdventureGame-master\src\controller\AdventureGame.java,controller.AdventureGame,init/0,lk,1
C:\PROJECTS\Simple_Java_AdventureGame-master\Simple_Java_AdventureGame-master\src\controller\AdventureGame.java,controller.AdventureGame$KeyMonitor,keyReleased/1[java.awt.event.KeyEvent],code,1
C:\PROJECTS\Simple_Java_AdventureGame-master\Simple_Java_AdventureGame-master\src\controller\AdventureGame.java,controller.AdventureGame$KeyMonitor,keyReleased/1[java.awt.event.KeyEvent],e,1
C:\PROJECTS\Simple_Java_AdventureGame-master\Simple_Java_AdventureGame-master\src\controller\AdventureGame.java,controller.AdventureGame$KeyMonitor,keyPressed/1[java.awt.event.KeyEvent],code,1
C:\PROJECTS\Simple_Java_AdventureGame-master\Simple_Java_AdventureGame-master\src\controller\AdventureGame.java,controller.AdventureGame$KeyMonitor,keyPressed/1[java.awt.event.KeyEvent],e,1
C:\PROJECTS\Simple_Java_AdventureGame-master\Simple_Java_AdventureGame-master\src\observer\ThingObserver.java,observer.ThingObserver,dataUpdate/1[view.ThingModel],thingModel,0
C:\PROJECTS\Simple_Java_AdventureGame-master\Simple_Java_AdventureGame-master\src\view\ViewMap.java,view.ViewMap,getDrawX/1[int],x,1
C:\PROJECTS\Simple_Java_AdventureGame-master\Simple_Java_AdventureGame-master\src\view\ViewMap.java,view.ViewMap,getDrawX/1[int],j,1
C:\PROJECTS\Simple_Java_AdventureGame-master\Simple_Java_AdventureGame-master\src\view\ViewMap.java,view.ViewMap,ViewMap/1[model.Map],e,1
C:\PROJECTS\Simple_Java_AdventureGame-master\Simple_Java_AdventureGame-master\src\view\ViewMap.java,view.ViewMap,ViewMap/1[model.Map],map,2
C:\PROJECTS\Simple_Java_AdventureGame-master\Simple_Java_AdventureGame-master\src\view\ViewMap.java,view.ViewMap,mapDataUpdate/1[model.Map],map,2
C:\PROJECTS\Simple_Java_AdventureGame-master\Simple_Java_AdventureGame-master\src\view\ViewMap.java,view.ViewMap,paint/1[java.awt.Graphics],mapdata,3
C:\PROJECTS\Simple_Java_AdventureGame-master\Simple_Java_AdventureGame-master\src\view\ViewMap.java,view.ViewMap,paint/1[java.awt.Graphics],icons1,1
C:\PROJECTS\Simple_Java_AdventureGame-master\Simple_Java_AdventureGame-master\src\view\ViewMap.java,view.ViewMap,paint/1[java.awt.Graphics],g,2
C:\PROJECTS\Simple_Java_AdventureGame-master\Simple_Java_AdventureGame-master\src\view\ViewMap.java,view.ViewMap,paint/1[java.awt.Graphics],i,6
C:\PROJECTS\Simple_Java_AdventureGame-master\Simple_Java_AdventureGame-master\src\view\ViewMap.java,view.ViewMap,paint/1[java.awt.Graphics],j,6
C:\PROJECTS\Simple_Java_AdventureGame-master\Simple_Java_AdventureGame-master\src\view\ViewMap.java,view.ViewMap,paint/1[java.awt.Graphics],icons2,1
C:\PROJECTS\Simple_Java_AdventureGame-master\Simple_Java_AdventureGame-master\src\view\ViewMap.java,view.ViewMap,getDrawY/1[int],i,1
C:\PROJECTS\Simple_Java_AdventureGame-master\Simple_Java_AdventureGame-master\src\view\ViewMap.java,view.ViewMap,getDrawY/1[int],y,1
C:\PROJECTS\Simple_Java_AdventureGame-master\Simple_Java_AdventureGame-master\src\view\ViewMap.java,view.ViewMap,int2icon/1[int],num,9
C:\PROJECTS\Simple_Java_AdventureGame-master\Simple_Java_AdventureGame-master\src\decorator\WeaponItem.java,decorator.WeaponItem,WeaponItem/1[decorator.Item],item,1
C:\PROJECTS\Simple_Java_AdventureGame-master\Simple_Java_AdventureGame-master\src\view\ThingModel.java,view.ThingModel,join/1[model.Thing],thing,1
C:\PROJECTS\Simple_Java_AdventureGame-master\Simple_Java_AdventureGame-master\src\view\ThingModel.java,view.ThingModel,setThing/1[model.Thing],thing,2
C:\PROJECTS\Simple_Java_AdventureGame-master\Simple_Java_AdventureGame-master\src\view\ThingModel.java,view.ThingModel,registerObserver/1[observer.ThingObserver],o,1
C:\PROJECTS\Simple_Java_AdventureGame-master\Simple_Java_AdventureGame-master\src\view\ThingModel.java,view.ThingModel,changeModel/1[view.ThingModel],i,3
C:\PROJECTS\Simple_Java_AdventureGame-master\Simple_Java_AdventureGame-master\src\view\ThingModel.java,view.ThingModel,changeModel/1[view.ThingModel],model,2
C:\PROJECTS\Simple_Java_AdventureGame-master\Simple_Java_AdventureGame-master\src\view\ThingModel.java,view.ThingModel,dataUpdate/0,i,2
C:\PROJECTS\Simple_Java_AdventureGame-master\Simple_Java_AdventureGame-master\src\view\ThingModel.java,view.ThingModel,dataUpdate/0,o,1
C:\PROJECTS\Simple_Java_AdventureGame-master\Simple_Java_AdventureGame-master\src\view\ThingModel.java,view.ThingModel,ThingModel/1[model.Thing[]],data,2
C:\PROJECTS\Simple_Java_AdventureGame-master\Simple_Java_AdventureGame-master\src\view\ThingModel.java,view.ThingModel,ThingModel/1[model.Thing[]],i,3
C:\PROJECTS\Simple_Java_AdventureGame-master\Simple_Java_AdventureGame-master\src\view\ThingModel.java,view.ThingModel,quit/1[model.Thing],thing,1
C:\PROJECTS\Simple_Java_AdventureGame-master\Simple_Java_AdventureGame-master\src\view\ThingModel.java,view.ThingModel,getData/1[int],idx,1
C:\PROJECTS\Simple_Java_AdventureGame-master\Simple_Java_AdventureGame-master\src\view\ViewThing.java,view.ViewThing,draw/1[java.awt.Graphics],g,1
C:\PROJECTS\Simple_Java_AdventureGame-master\Simple_Java_AdventureGame-master\src\view\ViewThing.java,view.ViewThing,dataUpdate/1[view.ThingModel],model,1
C:\PROJECTS\Simple_Java_AdventureGame-master\Simple_Java_AdventureGame-master\src\view\ViewThing.java,view.ViewThing,ViewThing/1[view.ThingModel],e,1
C:\PROJECTS\Simple_Java_AdventureGame-master\Simple_Java_AdventureGame-master\src\view\ViewThing.java,view.ViewThing,ViewThing/1[view.ThingModel],things,2
C:\PROJECTS\Simple_Java_AdventureGame-master\Simple_Java_AdventureGame-master\src\memento\MementoCaretaker.java,memento.MementoCaretaker,setMemento/1[memento.PlayerMemento],memento,2
C:\PROJECTS\Simple_Java_AdventureGame-master\Simple_Java_AdventureGame-master\src\state\State.java,state.State,set/1[state.StateManager],stateManager,0
C:\PROJECTS\Simple_Java_AdventureGame-master\Simple_Java_AdventureGame-master\src\model\Door.java,model.Door,"getPosition/2[int,int]",x,2
C:\PROJECTS\Simple_Java_AdventureGame-master\Simple_Java_AdventureGame-master\src\model\Door.java,model.Door,"getPosition/2[int,int]",y,2
C:\PROJECTS\Simple_Java_AdventureGame-master\Simple_Java_AdventureGame-master\src\model\Door.java,model.Door,setRoom/1[model.Room],room,2
C:\PROJECTS\Simple_Java_AdventureGame-master\Simple_Java_AdventureGame-master\src\model\Door.java,model.Door,"setPosition/2[int,int]",x,2
C:\PROJECTS\Simple_Java_AdventureGame-master\Simple_Java_AdventureGame-master\src\model\Door.java,model.Door,"setPosition/2[int,int]",y,2
C:\PROJECTS\Simple_Java_AdventureGame-master\Simple_Java_AdventureGame-master\src\controller\AdventureGame.java,controller.AdventureGame$PaintThread,run/0,e,1
C:\PROJECTS\Simple_Java_AdventureGame-master\Simple_Java_AdventureGame-master\src\iterator\AbstractThingList.java,iterator.AbstractThingList,AbstractThingList/1[java.util.List],objects,2
C:\PROJECTS\Simple_Java_AdventureGame-master\Simple_Java_AdventureGame-master\src\iterator\AbstractThingList.java,iterator.AbstractThingList,addObject/1[java.lang.Object],obj,1
C:\PROJECTS\Simple_Java_AdventureGame-master\Simple_Java_AdventureGame-master\src\iterator\AbstractThingList.java,iterator.AbstractThingList,removeObject/1[java.lang.Object],obj,1
C:\PROJECTS\Simple_Java_AdventureGame-master\Simple_Java_AdventureGame-master\src\adapter\EquipItemAdapter.java,adapter.EquipItemAdapter,EquipItemAdapter/1[decorator.EquipItem],item,2
C:\PROJECTS\Simple_Java_AdventureGame-master\Simple_Java_AdventureGame-master\src\adapter\EquipItemAdapter.java,adapter.EquipItemAdapter,"setposition/2[int,int]",x,1
C:\PROJECTS\Simple_Java_AdventureGame-master\Simple_Java_AdventureGame-master\src\adapter\EquipItemAdapter.java,adapter.EquipItemAdapter,"setposition/2[int,int]",y,1
C:\PROJECTS\Simple_Java_AdventureGame-master\Simple_Java_AdventureGame-master\src\model\MapSite.java,model.MapSite,setMapdata/1[data.MapData],mapdata,2
C:\PROJECTS\Simple_Java_AdventureGame-master\Simple_Java_AdventureGame-master\src\model\MapSite.java,model.MapSite,"enter/2[int,int]",x,1
C:\PROJECTS\Simple_Java_AdventureGame-master\Simple_Java_AdventureGame-master\src\model\MapSite.java,model.MapSite,"enter/2[int,int]",y,1
C:\PROJECTS\Simple_Java_AdventureGame-master\Simple_Java_AdventureGame-master\src\model\MapSite.java,model.MapSite,"exit/2[int,int]",x,1
C:\PROJECTS\Simple_Java_AdventureGame-master\Simple_Java_AdventureGame-master\src\model\MapSite.java,model.MapSite,"exit/2[int,int]",y,1
C:\PROJECTS\Simple_Java_AdventureGame-master\Simple_Java_AdventureGame-master\src\decorator\BrokenItem.java,decorator.BrokenItem,BrokenItem/1[decorator.Item],item,1
C:\PROJECTS\Simple_Java_AdventureGame-master\Simple_Java_AdventureGame-master\src\adapter\EquipItemInterface.java,adapter.EquipItemInterface,"setsite/2[int,int]",x,0
C:\PROJECTS\Simple_Java_AdventureGame-master\Simple_Java_AdventureGame-master\src\adapter\EquipItemInterface.java,adapter.EquipItemInterface,"setsite/2[int,int]",y,0
C:\PROJECTS\Simple_Java_AdventureGame-master\Simple_Java_AdventureGame-master\src\decorator\NormalItem.java,decorator.NormalItem,NormalItem/1[decorator.Item],item,1
C:\PROJECTS\Simple_Java_AdventureGame-master\Simple_Java_AdventureGame-master\src\flyweight\WallFactory.java,flyweight.WallFactory,getWall/1[int],id,1
C:\PROJECTS\Simple_Java_AdventureGame-master\Simple_Java_AdventureGame-master\src\flyweight\WallFactory.java,flyweight.WallFactory,WallFactory/0,wall102,2
C:\PROJECTS\Simple_Java_AdventureGame-master\Simple_Java_AdventureGame-master\src\flyweight\WallFactory.java,flyweight.WallFactory,WallFactory/0,wall101,2
C:\PROJECTS\Simple_Java_AdventureGame-master\Simple_Java_AdventureGame-master\src\flyweight\WallFactory.java,flyweight.WallFactory,WallFactory/0,wall100,2
C:\PROJECTS\Simple_Java_AdventureGame-master\Simple_Java_AdventureGame-master\src\model\Map.java,model.Map,Map/1[data.MapData[]],data,1
C:\PROJECTS\Simple_Java_AdventureGame-master\Simple_Java_AdventureGame-master\src\model\Map.java,model.Map,Map/1[data.MapData[]],i,2
C:\PROJECTS\Simple_Java_AdventureGame-master\Simple_Java_AdventureGame-master\src\model\Map.java,model.Map,registerOberver/1[observer.MapObserver],o,1
C:\PROJECTS\Simple_Java_AdventureGame-master\Simple_Java_AdventureGame-master\src\model\Map.java,model.Map,addData/1[java.lang.String],data,4
C:\PROJECTS\Simple_Java_AdventureGame-master\Simple_Java_AdventureGame-master\src\model\Map.java,model.Map,addData/1[java.lang.String],mapPath,3
C:\PROJECTS\Simple_Java_AdventureGame-master\Simple_Java_AdventureGame-master\src\model\Map.java,model.Map,getData/1[int],idx,1
C:\PROJECTS\Simple_Java_AdventureGame-master\Simple_Java_AdventureGame-master\src\model\Map.java,model.Map,mapDataUpdate/0,i,2
C:\PROJECTS\Simple_Java_AdventureGame-master\Simple_Java_AdventureGame-master\src\model\Map.java,model.Map,mapDataUpdate/0,o,1
C:\PROJECTS\Simple_Java_AdventureGame-master\Simple_Java_AdventureGame-master\src\model\Map.java,model.Map,changeModel/1[model.Map],i,3
C:\PROJECTS\Simple_Java_AdventureGame-master\Simple_Java_AdventureGame-master\src\model\Map.java,model.Map,changeModel/1[model.Map],map,2
C:\PROJECTS\Simple_Java_AdventureGame-master\Simple_Java_AdventureGame-master\src\model\Map.java,model.Map,removeOberver/1[observer.MapObserver],o,1
C:\PROJECTS\Simple_Java_AdventureGame-master\Simple_Java_AdventureGame-master\src\model\Map.java,model.Map,addData/1[data.MapData],data,4
C:\PROJECTS\Simple_Java_AdventureGame-master\Simple_Java_AdventureGame-master\src\model\Map.java,model.Map,readfile/1[java.lang.String],ii,5
C:\PROJECTS\Simple_Java_AdventureGame-master\Simple_Java_AdventureGame-master\src\model\Map.java,model.Map,readfile/1[java.lang.String],jj,5
C:\PROJECTS\Simple_Java_AdventureGame-master\Simple_Java_AdventureGame-master\src\model\Map.java,model.Map,readfile/1[java.lang.String],path,1
C:\PROJECTS\Simple_Java_AdventureGame-master\Simple_Java_AdventureGame-master\src\model\Map.java,model.Map,readfile/1[java.lang.String],fis,2
C:\PROJECTS\Simple_Java_AdventureGame-master\Simple_Java_AdventureGame-master\src\model\Map.java,model.Map,readfile/1[java.lang.String],e,1
C:\PROJECTS\Simple_Java_AdventureGame-master\Simple_Java_AdventureGame-master\src\model\Map.java,model.Map,readfile/1[java.lang.String],i,4
C:\PROJECTS\Simple_Java_AdventureGame-master\Simple_Java_AdventureGame-master\src\model\Map.java,model.Map,readfile/1[java.lang.String],j,4
C:\PROJECTS\Simple_Java_AdventureGame-master\Simple_Java_AdventureGame-master\src\model\Map.java,model.Map,readfile/1[java.lang.String],dis,6
C:\PROJECTS\Simple_Java_AdventureGame-master\Simple_Java_AdventureGame-master\src\observer\MapObserver.java,observer.MapObserver,mapDataUpdate/1[model.Map],map,0
C:\PROJECTS\Simple_Java_AdventureGame-master\Simple_Java_AdventureGame-master\src\decorator\FineItem.java,decorator.FineItem,FineItem/1[decorator.Item],item,1
C:\PROJECTS\Simple_Java_AdventureGame-master\Simple_Java_AdventureGame-master\src\iterator\ThingList.java,iterator.ThingList,ThingList/1[java.util.List],products,1
C:\PROJECTS\Simple_Java_AdventureGame-master\Simple_Java_AdventureGame-master\src\adapter\ThingInterface.java,adapter.ThingInterface,"setposition/2[int,int]",x,0
C:\PROJECTS\Simple_Java_AdventureGame-master\Simple_Java_AdventureGame-master\src\adapter\ThingInterface.java,adapter.ThingInterface,"setposition/2[int,int]",y,0
C:\PROJECTS\Simple_Java_AdventureGame-master\Simple_Java_AdventureGame-master\src\decorator\ConsumeItem.java,decorator.ConsumeItem,setname/1[java.lang.String],name,2
C:\PROJECTS\Simple_Java_AdventureGame-master\Simple_Java_AdventureGame-master\src\decorator\ConsumeItem.java,decorator.ConsumeItem,setweight/1[int],weight,2
C:\PROJECTS\Simple_Java_AdventureGame-master\Simple_Java_AdventureGame-master\src\decorator\ConsumeItem.java,decorator.ConsumeItem,setid/1[int],id,2
C:\PROJECTS\Simple_Java_AdventureGame-master\Simple_Java_AdventureGame-master\src\decorator\ConsumeItem.java,decorator.ConsumeItem,sethp/1[int],hp,2
C:\PROJECTS\Simple_Java_AdventureGame-master\Simple_Java_AdventureGame-master\src\state\PoisonState.java,state.PoisonState,set/1[state.StateManager],stateManager,2
C:\PROJECTS\Simple_Java_AdventureGame-master\Simple_Java_AdventureGame-master\src\model\Thing.java,model.Thing,setImg/1[javax.swing.ImageIcon],icon,2
C:\PROJECTS\Simple_Java_AdventureGame-master\Simple_Java_AdventureGame-master\src\model\Thing.java,model.Thing,"getplayer/2[int,int]",x,2
C:\PROJECTS\Simple_Java_AdventureGame-master\Simple_Java_AdventureGame-master\src\model\Thing.java,model.Thing,"getplayer/2[int,int]",y,2
C:\PROJECTS\Simple_Java_AdventureGame-master\Simple_Java_AdventureGame-master\src\model\Thing.java,model.Thing,clone/0,e,0
C:\PROJECTS\Simple_Java_AdventureGame-master\Simple_Java_AdventureGame-master\src\model\Thing.java,model.Thing,clone/0,obj,2
C:\PROJECTS\Simple_Java_AdventureGame-master\Simple_Java_AdventureGame-master\src\model\Thing.java,model.Thing,setid/1[int],id,2
C:\PROJECTS\Simple_Java_AdventureGame-master\Simple_Java_AdventureGame-master\src\model\Thing.java,model.Thing,"setposition/2[int,int]",x,2
C:\PROJECTS\Simple_Java_AdventureGame-master\Simple_Java_AdventureGame-master\src\model\Thing.java,model.Thing,"setposition/2[int,int]",y,2
C:\PROJECTS\Simple_Java_AdventureGame-master\Simple_Java_AdventureGame-master\src\model\Thing.java,model.Thing,getmapid/1[int],mapid,2
C:\PROJECTS\Simple_Java_AdventureGame-master\Simple_Java_AdventureGame-master\src\model\Thing.java,model.Thing,setname/1[java.lang.String],name,2
C:\PROJECTS\Simple_Java_AdventureGame-master\Simple_Java_AdventureGame-master\src\model\Thing.java,model.Thing,setThing/1[data.ThingData],thing,2
C:\PROJECTS\Simple_Java_AdventureGame-master\Simple_Java_AdventureGame-master\src\memento\PlayerMemento.java,memento.PlayerMemento,"PlayerMemento/3[data.PlayerData,int,int]",data,2
C:\PROJECTS\Simple_Java_AdventureGame-master\Simple_Java_AdventureGame-master\src\memento\PlayerMemento.java,memento.PlayerMemento,"PlayerMemento/3[data.PlayerData,int,int]",x,2
C:\PROJECTS\Simple_Java_AdventureGame-master\Simple_Java_AdventureGame-master\src\memento\PlayerMemento.java,memento.PlayerMemento,"PlayerMemento/3[data.PlayerData,int,int]",y,2
C:\PROJECTS\Simple_Java_AdventureGame-master\Simple_Java_AdventureGame-master\src\flyweight\Wall.java,flyweight.Wall,"draw/2[java.awt.Graphics,flyweight.Coordinates]",coord,2
C:\PROJECTS\Simple_Java_AdventureGame-master\Simple_Java_AdventureGame-master\src\flyweight\Wall.java,flyweight.Wall,"draw/2[java.awt.Graphics,flyweight.Coordinates]",g,1
C:\PROJECTS\Simple_Java_AdventureGame-master\Simple_Java_AdventureGame-master\src\abstractFactory\Fdoor.java,abstractFactory.Fdoor,checkkey/1[int],key,0
C:\PROJECTS\Simple_Java_AdventureGame-master\Simple_Java_AdventureGame-master\src\abstractFactory\Fdoor.java,abstractFactory.Fdoor,"getPosition/2[int,int]",x,0
C:\PROJECTS\Simple_Java_AdventureGame-master\Simple_Java_AdventureGame-master\src\abstractFactory\Fdoor.java,abstractFactory.Fdoor,"getPosition/2[int,int]",y,0
C:\PROJECTS\Simple_Java_AdventureGame-master\Simple_Java_AdventureGame-master\src\abstractFactory\Fdoor.java,abstractFactory.Fdoor,setRoom/1[model.Room],room,0
C:\PROJECTS\Simple_Java_AdventureGame-master\Simple_Java_AdventureGame-master\src\abstractFactory\Fdoor.java,abstractFactory.Fdoor,setKey/1[int],key,0
C:\PROJECTS\Simple_Java_AdventureGame-master\Simple_Java_AdventureGame-master\src\abstractFactory\Fdoor.java,abstractFactory.Fdoor,"setPosition/2[int,int]",x,0
C:\PROJECTS\Simple_Java_AdventureGame-master\Simple_Java_AdventureGame-master\src\abstractFactory\Fdoor.java,abstractFactory.Fdoor,"setPosition/2[int,int]",y,0
C:\PROJECTS\Simple_Java_AdventureGame-master\Simple_Java_AdventureGame-master\src\decorator\ItemDecorator.java,decorator.ItemDecorator,ItemDecorator/1[decorator.Item],item,2
C:\PROJECTS\Simple_Java_AdventureGame-master\Simple_Java_AdventureGame-master\src\model\DoorWithLock.java,model.DoorWithLock,checkkey/1[int],key,2
C:\PROJECTS\Simple_Java_AdventureGame-master\Simple_Java_AdventureGame-master\src\model\DoorWithLock.java,model.DoorWithLock,setKey/1[int],key,2
