file,class,type,cbo,cboModified,fanin,fanout,wmc,dit,noc,rfc,lcom,lcom*,tcc,lcc,totalMethodsQty,staticMethodsQty,publicMethodsQty,privateMethodsQty,protectedMethodsQty,defaultMethodsQty,visibleMethodsQty,abstractMethodsQty,finalMethodsQty,synchronizedMethodsQty,totalFieldsQty,staticFieldsQty,publicFieldsQty,privateFieldsQty,protectedFieldsQty,defaultFieldsQty,finalFieldsQty,synchronizedFieldsQty,nosi,loc,returnQty,loopQty,comparisonsQty,tryCatchQty,parenthesizedExpsQty,stringLiteralsQty,numbersQty,assignmentsQty,mathOperationsQty,variablesQty,maxNestedBlocksQty,anonymousClassesQty,innerClassesQty,lambdasQty,uniqueWordsQty,modifiers,logStatementsQty
C:\PROJECTS\Virtual-Coffee-Shop-master\Virtual-Coffee-Shop-master\GUIusingJavaFXinIntellij\src\sample\Iterator.java,sample.Iterator,interface,0,3,3,0,3,1,0,0,3,0.0,0.0,0.0,3,0,0,0,0,3,3,0,0,0,0,0,0,0,0,0,0,0,0,5,0,0,0,0,0,0,0,0,0,0,0,0,0,0,6,1,0
C:\PROJECTS\Virtual-Coffee-Shop-master\Virtual-Coffee-Shop-master\GUIusingJavaFXinIntellij\src\sample\Milk.java,sample.Milk,class,2,2,0,2,3,3,0,2,0,0.0,1.0,1.0,3,0,3,0,0,0,3,0,0,0,1,0,0,0,0,1,0,0,0,12,2,0,0,0,0,1,1,1,2,1,0,0,0,0,9,1,0
C:\PROJECTS\Virtual-Coffee-Shop-master\Virtual-Coffee-Shop-master\FinalBillIterator.java,FinalBillIterator,class,4,6,2,4,9,1,0,6,0,0.125,0.5,0.5,4,0,3,0,0,1,4,0,0,0,2,0,1,0,0,1,0,0,0,32,4,0,1,1,0,2,2,2,0,2,2,0,0,0,16,1,0
C:\PROJECTS\Virtual-Coffee-Shop-master\Virtual-Coffee-Shop-master\GUIusingJavaFXinIntellij\src\sample\Intermediate.java,sample.Intermediate,interface,1,2,1,1,1,1,0,0,0,0.0,NaN,NaN,1,0,0,0,0,1,1,0,0,0,0,0,0,0,0,0,0,0,0,3,0,0,0,0,0,0,0,0,0,0,0,0,0,0,3,1,0
C:\PROJECTS\Virtual-Coffee-Shop-master\Virtual-Coffee-Shop-master\GUIusingJavaFXinIntellij\src\sample\Main.java,sample.Main,class,4,4,0,4,2,2,0,8,1,0.0,0.0,0.0,2,1,2,0,0,0,2,0,0,0,0,0,0,0,0,0,0,0,0,12,0,0,0,0,0,2,0,1,0,1,0,0,0,0,17,1,0
C:\PROJECTS\Virtual-Coffee-Shop-master\Virtual-Coffee-Shop-master\GUIusingJavaFXinIntellij\src\sample\AddOnDecorator.java,sample.AddOnDecorator,class,1,4,3,1,1,2,3,0,0,0.0,NaN,NaN,1,0,1,0,0,0,1,1,0,0,0,0,0,0,0,0,0,0,0,3,0,0,0,0,0,0,0,0,0,0,0,0,0,0,6,1025,0
C:\PROJECTS\Virtual-Coffee-Shop-master\Virtual-Coffee-Shop-master\GUIusingJavaFXinIntellij\src\sample\Caramel.java,sample.Caramel,class,2,2,0,2,3,3,0,2,0,0.0,1.0,1.0,3,0,3,0,0,0,3,0,0,0,1,0,0,0,0,1,0,0,0,12,2,0,0,0,0,1,1,1,2,1,0,0,0,0,9,1,0
C:\PROJECTS\Virtual-Coffee-Shop-master\Virtual-Coffee-Shop-master\FinalOrder.java,FinalOrder,class,10,12,2,10,8,1,0,12,9,0.5,0.2,0.2,6,1,3,0,0,3,6,0,0,0,1,1,1,0,0,0,0,0,0,50,1,2,0,0,0,13,0,14,5,7,1,0,0,0,36,1,0
C:\PROJECTS\Virtual-Coffee-Shop-master\Virtual-Coffee-Shop-master\Cream.java,Cream,class,2,4,2,2,3,3,0,2,0,0.0,1.0,1.0,3,0,3,0,0,0,3,0,0,0,1,0,0,0,0,1,0,0,0,12,2,0,0,0,0,1,1,1,2,1,0,0,0,0,9,1,0
C:\PROJECTS\Virtual-Coffee-Shop-master\Virtual-Coffee-Shop-master\GUIusingJavaFXinIntellij\src\FinalOrder.java,sample.FinalOrder,class,4,5,1,4,5,1,0,4,4,0.4,0.3,0.3,5,0,2,0,0,3,5,0,0,0,1,1,1,0,0,0,0,0,0,17,1,0,0,0,0,1,0,1,1,1,0,0,0,0,17,1,0
C:\PROJECTS\Virtual-Coffee-Shop-master\Virtual-Coffee-Shop-master\Instant.java,Instant,class,1,3,2,1,2,2,0,0,1,0.0,0.0,0.0,2,0,2,0,0,0,2,0,0,0,0,0,0,0,0,0,0,0,0,8,1,0,0,0,0,1,1,1,0,0,0,0,0,0,4,1,0
C:\PROJECTS\Virtual-Coffee-Shop-master\Virtual-Coffee-Shop-master\AddOnDecorator.java,AddOnDecorator,class,1,4,3,1,1,2,3,0,0,0.0,NaN,NaN,1,0,1,0,0,0,1,1,0,0,0,0,0,0,0,0,0,0,0,3,0,0,0,0,0,0,0,0,0,0,0,0,0,0,6,1025,0
C:\PROJECTS\Virtual-Coffee-Shop-master\Virtual-Coffee-Shop-master\Coffee.java,Coffee,class,0,8,8,0,2,1,3,0,1,0.5,0.0,0.0,2,0,2,0,0,0,2,1,0,0,1,0,0,0,0,1,0,0,0,7,1,0,0,0,0,1,0,1,0,1,0,0,0,0,5,1025,0
C:\PROJECTS\Virtual-Coffee-Shop-master\Virtual-Coffee-Shop-master\GUIusingJavaFXinIntellij\src\sample\Controller.java,sample.Controller,class,13,13,0,13,2,1,0,9,0,0.0,NaN,NaN,1,0,1,0,0,0,1,0,0,0,12,0,3,0,0,9,0,0,0,37,0,1,0,0,0,2,0,8,1,20,2,0,0,7,39,1,0
C:\PROJECTS\Virtual-Coffee-Shop-master\Virtual-Coffee-Shop-master\GUIusingJavaFXinIntellij\src\sample\Instant.java,sample.Instant,class,1,1,0,1,2,2,0,0,1,0.0,0.0,0.0,2,0,2,0,0,0,2,0,0,0,0,0,0,0,0,0,0,0,0,8,1,0,0,0,0,1,1,1,0,0,0,0,0,0,4,1,0
C:\PROJECTS\Virtual-Coffee-Shop-master\Virtual-Coffee-Shop-master\GUIusingJavaFXinIntellij\src\sample\Coffee.java,sample.Coffee,class,0,9,9,0,2,1,3,0,1,0.5,0.0,0.0,2,0,2,0,0,0,2,1,0,0,1,0,0,0,0,1,0,0,0,7,1,0,0,0,0,1,0,1,0,1,0,0,0,0,5,1025,0
C:\PROJECTS\Virtual-Coffee-Shop-master\Virtual-Coffee-Shop-master\GUIusingJavaFXinIntellij\src\sample\Filter.java,sample.Filter,class,1,1,0,1,2,2,0,0,1,0.0,0.0,0.0,2,0,2,0,0,0,2,0,0,0,0,0,0,0,0,0,0,0,0,8,1,0,0,0,0,1,1,1,0,0,0,0,0,0,4,1,0
C:\PROJECTS\Virtual-Coffee-Shop-master\Virtual-Coffee-Shop-master\Intermediate.java,Intermediate,interface,1,2,1,1,1,1,0,0,0,0.0,NaN,NaN,1,0,0,0,0,1,1,0,0,0,0,0,0,0,0,0,0,0,0,3,0,0,0,0,0,0,0,0,0,0,0,0,0,0,3,1,0
C:\PROJECTS\Virtual-Coffee-Shop-master\Virtual-Coffee-Shop-master\Filter.java,Filter,class,1,3,2,1,2,2,0,0,1,0.0,0.0,0.0,2,0,2,0,0,0,2,0,0,0,0,0,0,0,0,0,0,0,0,8,1,0,0,0,0,1,1,1,0,0,0,0,0,0,4,1,0
C:\PROJECTS\Virtual-Coffee-Shop-master\Virtual-Coffee-Shop-master\Iterator.java,Iterator,interface,0,3,3,0,3,1,0,0,3,0.0,0.0,0.0,3,0,0,0,0,3,3,0,0,0,0,0,0,0,0,0,0,0,0,5,0,0,0,0,0,0,0,0,0,0,0,0,0,0,6,1,0
C:\PROJECTS\Virtual-Coffee-Shop-master\Virtual-Coffee-Shop-master\Caramel.java,Caramel,class,2,4,2,2,3,3,0,2,0,0.0,1.0,1.0,3,0,3,0,0,0,3,0,0,0,1,0,0,0,0,1,0,0,0,12,2,0,0,0,0,1,1,1,2,1,0,0,0,0,9,1,0
C:\PROJECTS\Virtual-Coffee-Shop-master\Virtual-Coffee-Shop-master\GUIusingJavaFXinIntellij\src\sample\Cream.java,sample.Cream,class,2,2,0,2,3,3,0,2,0,0.0,1.0,1.0,3,0,3,0,0,0,3,0,0,0,1,0,0,0,0,1,0,0,0,12,2,0,0,0,0,1,1,1,2,1,0,0,0,0,9,1,0
C:\PROJECTS\Virtual-Coffee-Shop-master\Virtual-Coffee-Shop-master\GUIusingJavaFXinIntellij\src\sample\FinalBillIterator.java,sample.FinalBillIterator,class,4,7,3,4,9,1,0,7,0,0.33333334,0.5,0.5,4,0,3,0,0,1,4,0,0,0,3,0,1,0,0,2,0,0,0,33,3,1,1,1,0,2,3,4,1,3,2,0,0,0,17,1,0
C:\PROJECTS\Virtual-Coffee-Shop-master\Virtual-Coffee-Shop-master\Milk.java,Milk,class,2,4,2,2,3,3,0,2,0,0.0,1.0,1.0,3,0,3,0,0,0,3,0,0,0,1,0,0,0,0,1,0,0,0,12,2,0,0,0,0,1,1,1,2,1,0,0,0,0,9,1,0
