file,class,method,constructor,line,cbo,cboModified,fanin,fanout,wmc,rfc,loc,returnsQty,variablesQty,parametersQty,methodsInvokedQty,methodsInvokedLocalQty,methodsInvokedIndirectLocalQty,loopQty,comparisonsQty,tryCatchQty,parenthesizedExpsQty,stringLiteralsQty,numbersQty,assignmentsQty,mathOperationsQty,maxNestedBlocksQty,anonymousClassesQty,innerClassesQty,lambdasQty,uniqueWordsQty,modifiers,logStatementsQty,hasJavaDoc
C:\PROJECTS\Virtual-Coffee-Shop-master\Virtual-Coffee-Shop-master\GUIusingJavaFXinIntellij\src\sample\Iterator.java,sample.Iterator,hasNext/0,false,7,0,0,0,0,1,0,1,0,0,0,0,0,0,0,0,0,0,0,0,0,0,0,0,0,0,2,0,0,false
C:\PROJECTS\Virtual-Coffee-Shop-master\Virtual-Coffee-Shop-master\GUIusingJavaFXinIntellij\src\sample\Iterator.java,sample.Iterator,next/0,false,8,0,0,0,0,1,0,1,0,0,0,0,0,0,0,0,0,0,0,0,0,0,0,0,0,0,2,0,0,false
C:\PROJECTS\Virtual-Coffee-Shop-master\Virtual-Coffee-Shop-master\GUIusingJavaFXinIntellij\src\sample\Iterator.java,sample.Iterator,remove/0,false,9,0,0,0,0,1,0,1,0,0,0,0,0,0,0,0,0,0,0,0,0,0,0,0,0,0,1,0,0,false
C:\PROJECTS\Virtual-Coffee-Shop-master\Virtual-Coffee-Shop-master\GUIusingJavaFXinIntellij\src\sample\Milk.java,sample.Milk,Milk/1[sample.Coffee],true,12,1,0,0,0,1,0,3,0,0,1,0,0,0,0,0,0,0,0,0,1,0,0,0,0,0,3,1,0,false
C:\PROJECTS\Virtual-Coffee-Shop-master\Virtual-Coffee-Shop-master\GUIusingJavaFXinIntellij\src\sample\Milk.java,sample.Milk,cost/0,false,22,1,1,0,1,1,1,3,1,0,0,1,0,0,0,0,0,0,0,1,0,1,0,0,0,0,1,1,0,false
C:\PROJECTS\Virtual-Coffee-Shop-master\Virtual-Coffee-Shop-master\GUIusingJavaFXinIntellij\src\sample\Milk.java,sample.Milk,getDescription/0,false,16,1,1,0,1,1,1,3,1,0,0,1,0,0,0,0,0,0,1,0,0,1,0,0,0,0,2,1,0,false
C:\PROJECTS\Virtual-Coffee-Shop-master\Virtual-Coffee-Shop-master\FinalBillIterator.java,FinalBillIterator,hasNext/0,false,21,0,1,1,0,2,1,6,2,0,0,1,0,0,0,0,0,0,0,0,0,0,1,0,0,0,5,1,0,false
C:\PROJECTS\Virtual-Coffee-Shop-master\Virtual-Coffee-Shop-master\FinalBillIterator.java,FinalBillIterator,next/0,false,31,2,2,1,1,2,2,6,2,0,0,2,1,1,0,0,0,0,0,0,0,0,1,0,0,0,4,1,0,false
C:\PROJECTS\Virtual-Coffee-Shop-master\Virtual-Coffee-Shop-master\FinalBillIterator.java,FinalBillIterator,remove/0,false,41,1,1,0,1,4,3,13,0,0,0,3,1,2,0,1,1,0,2,1,0,0,2,0,0,0,5,1,0,false
C:\PROJECTS\Virtual-Coffee-Shop-master\Virtual-Coffee-Shop-master\FinalBillIterator.java,FinalBillIterator,FinalBillIterator/0,true,14,1,2,1,1,1,0,3,0,0,0,0,0,0,0,0,0,0,0,0,1,0,0,0,0,0,5,0,0,false
C:\PROJECTS\Virtual-Coffee-Shop-master\Virtual-Coffee-Shop-master\GUIusingJavaFXinIntellij\src\sample\Intermediate.java,sample.Intermediate,getIterator/0,false,5,1,0,0,0,1,0,1,0,0,0,0,0,0,0,0,0,0,0,0,0,0,0,0,0,0,2,0,0,false
C:\PROJECTS\Virtual-Coffee-Shop-master\Virtual-Coffee-Shop-master\GUIusingJavaFXinIntellij\src\sample\Main.java,sample.Main,main/1[java.lang.String[]],false,13,0,0,0,0,1,1,3,0,0,1,1,0,0,0,0,0,0,0,0,0,0,0,0,0,0,3,9,0,false
C:\PROJECTS\Virtual-Coffee-Shop-master\Virtual-Coffee-Shop-master\GUIusingJavaFXinIntellij\src\sample\Main.java,sample.Main,start/1[sample.Stage],false,18,3,0,0,0,1,7,7,0,1,1,7,0,0,0,0,0,0,2,0,1,0,0,0,0,0,12,1,0,false
C:\PROJECTS\Virtual-Coffee-Shop-master\Virtual-Coffee-Shop-master\GUIusingJavaFXinIntellij\src\sample\AddOnDecorator.java,sample.AddOnDecorator,getDescription/0,false,5,0,0,0,0,1,0,1,0,0,0,0,0,0,0,0,0,0,0,0,0,0,0,0,0,0,2,1025,0,false
C:\PROJECTS\Virtual-Coffee-Shop-master\Virtual-Coffee-Shop-master\GUIusingJavaFXinIntellij\src\sample\Caramel.java,sample.Caramel,Caramel/1[sample.Coffee],true,6,1,0,0,0,1,0,3,0,0,1,0,0,0,0,0,0,0,0,0,1,0,0,0,0,0,3,1,0,false
C:\PROJECTS\Virtual-Coffee-Shop-master\Virtual-Coffee-Shop-master\GUIusingJavaFXinIntellij\src\sample\Caramel.java,sample.Caramel,getDescription/0,false,10,1,1,0,1,1,1,3,1,0,0,1,0,0,0,0,0,0,1,0,0,1,0,0,0,0,2,1,0,false
C:\PROJECTS\Virtual-Coffee-Shop-master\Virtual-Coffee-Shop-master\GUIusingJavaFXinIntellij\src\sample\Caramel.java,sample.Caramel,cost/0,false,14,1,1,0,1,1,1,3,1,0,0,1,0,0,0,0,0,0,0,1,0,1,0,0,0,0,1,1,0,false
C:\PROJECTS\Virtual-Coffee-Shop-master\Virtual-Coffee-Shop-master\FinalOrder.java,FinalOrder,getIterator/0,false,19,2,2,1,1,1,0,3,1,0,0,0,0,0,0,0,0,0,0,0,0,0,0,0,0,0,4,1,0,false
C:\PROJECTS\Virtual-Coffee-Shop-master\Virtual-Coffee-Shop-master\FinalOrder.java,FinalOrder,main/1[java.lang.String[]],false,47,8,14,0,14,3,9,33,0,6,1,9,3,1,2,0,0,0,12,0,13,4,1,0,0,0,25,9,0,false
C:\PROJECTS\Virtual-Coffee-Shop-master\Virtual-Coffee-Shop-master\FinalOrder.java,FinalOrder,clear/0,false,43,0,0,0,0,1,1,3,0,0,0,1,0,0,0,0,0,0,0,0,0,0,0,0,0,0,1,0,0,false
C:\PROJECTS\Virtual-Coffee-Shop-master\Virtual-Coffee-Shop-master\FinalOrder.java,FinalOrder,FinalOrder/0,true,14,0,2,2,0,1,0,2,0,0,0,0,0,0,0,0,0,0,0,0,0,0,0,0,0,0,2,1,0,false
C:\PROJECTS\Virtual-Coffee-Shop-master\Virtual-Coffee-Shop-master\FinalOrder.java,FinalOrder,orderQuantity/0,false,38,0,1,1,0,1,2,3,0,0,0,2,0,0,0,0,0,0,1,0,0,1,0,0,0,0,5,0,0,false
C:\PROJECTS\Virtual-Coffee-Shop-master\Virtual-Coffee-Shop-master\FinalOrder.java,FinalOrder,addToList/1[Coffee],false,24,1,1,1,0,1,1,3,0,0,1,1,0,0,0,0,0,0,0,0,0,0,0,0,0,0,5,0,0,false
C:\PROJECTS\Virtual-Coffee-Shop-master\Virtual-Coffee-Shop-master\Cream.java,Cream,Cream/1[Coffee],true,11,1,1,1,0,1,0,3,0,0,1,0,0,0,0,0,0,0,0,0,1,0,0,0,0,0,3,1,0,false
C:\PROJECTS\Virtual-Coffee-Shop-master\Virtual-Coffee-Shop-master\Cream.java,Cream,cost/0,false,19,1,1,0,1,1,1,3,1,0,0,1,0,0,0,0,0,0,0,1,0,1,0,0,0,0,1,1,0,false
C:\PROJECTS\Virtual-Coffee-Shop-master\Virtual-Coffee-Shop-master\Cream.java,Cream,getDescription/0,false,15,1,1,0,1,1,1,3,1,0,0,1,0,0,0,0,0,0,1,0,0,1,0,0,0,0,2,1,0,false
C:\PROJECTS\Virtual-Coffee-Shop-master\Virtual-Coffee-Shop-master\GUIusingJavaFXinIntellij\src\FinalOrder.java,sample.FinalOrder,FinalOrder/0,true,11,0,1,1,0,1,0,2,0,0,0,0,0,0,0,0,0,0,0,0,0,0,0,0,0,0,2,1,0,false
C:\PROJECTS\Virtual-Coffee-Shop-master\Virtual-Coffee-Shop-master\GUIusingJavaFXinIntellij\src\FinalOrder.java,sample.FinalOrder,getIterator/0,false,16,2,1,0,1,1,0,3,1,0,0,0,0,0,0,0,0,0,0,0,0,0,0,0,0,0,4,1,0,false
C:\PROJECTS\Virtual-Coffee-Shop-master\Virtual-Coffee-Shop-master\GUIusingJavaFXinIntellij\src\FinalOrder.java,sample.FinalOrder,orderQuantity/0,false,26,0,0,0,0,1,2,3,0,0,0,2,0,0,0,0,0,0,1,0,0,1,0,0,0,0,5,0,0,false
C:\PROJECTS\Virtual-Coffee-Shop-master\Virtual-Coffee-Shop-master\GUIusingJavaFXinIntellij\src\FinalOrder.java,sample.FinalOrder,clear/0,false,30,0,0,0,0,1,1,3,0,0,0,1,0,0,0,0,0,0,0,0,0,0,0,0,0,0,1,0,0,false
C:\PROJECTS\Virtual-Coffee-Shop-master\Virtual-Coffee-Shop-master\GUIusingJavaFXinIntellij\src\FinalOrder.java,sample.FinalOrder,addToList/1[sample.Coffee],false,20,1,0,0,0,1,1,3,0,0,1,1,0,0,0,0,0,0,0,0,0,0,0,0,0,0,5,0,0,false
C:\PROJECTS\Virtual-Coffee-Shop-master\Virtual-Coffee-Shop-master\Instant.java,Instant,cost/0,false,7,0,0,0,0,1,0,3,1,0,0,0,0,0,0,0,0,0,0,1,0,0,0,0,0,0,1,1,0,false
C:\PROJECTS\Virtual-Coffee-Shop-master\Virtual-Coffee-Shop-master\Instant.java,Instant,Instant/0,true,4,0,1,1,0,1,0,3,0,0,0,0,0,0,0,0,0,0,1,0,1,0,0,0,0,0,2,1,0,false
C:\PROJECTS\Virtual-Coffee-Shop-master\Virtual-Coffee-Shop-master\AddOnDecorator.java,AddOnDecorator,getDescription/0,false,4,0,0,0,0,1,0,1,0,0,0,0,0,0,0,0,0,0,0,0,0,0,0,0,0,0,2,1025,0,false
C:\PROJECTS\Virtual-Coffee-Shop-master\Virtual-Coffee-Shop-master\Coffee.java,Coffee,cost/0,false,9,0,4,4,0,1,0,1,0,0,0,0,0,0,0,0,0,0,0,0,0,0,0,0,0,0,1,1025,0,false
C:\PROJECTS\Virtual-Coffee-Shop-master\Virtual-Coffee-Shop-master\Coffee.java,Coffee,getDescription/0,false,6,0,4,4,0,1,0,3,1,0,0,0,0,0,0,0,0,0,0,0,0,0,0,0,0,0,3,1,0,false
C:\PROJECTS\Virtual-Coffee-Shop-master\Virtual-Coffee-Shop-master\GUIusingJavaFXinIntellij\src\sample\Controller.java,sample.Controller,"initialize/2[java.net.URL,java.util.ResourceBundle]",false,51,6,0,0,0,2,9,23,0,8,2,9,0,0,1,0,0,0,2,0,6,1,2,0,0,7,16,1,0,false
C:\PROJECTS\Virtual-Coffee-Shop-master\Virtual-Coffee-Shop-master\GUIusingJavaFXinIntellij\src\sample\Instant.java,sample.Instant,cost/0,false,8,0,0,0,0,1,0,3,1,0,0,0,0,0,0,0,0,0,0,1,0,0,0,0,0,0,1,1,0,false
C:\PROJECTS\Virtual-Coffee-Shop-master\Virtual-Coffee-Shop-master\GUIusingJavaFXinIntellij\src\sample\Instant.java,sample.Instant,Instant/0,true,5,0,0,0,0,1,0,3,0,0,0,0,0,0,0,0,0,0,1,0,1,0,0,0,0,0,2,1,0,false
C:\PROJECTS\Virtual-Coffee-Shop-master\Virtual-Coffee-Shop-master\GUIusingJavaFXinIntellij\src\sample\Coffee.java,sample.Coffee,cost/0,false,10,0,4,4,0,1,0,1,0,0,0,0,0,0,0,0,0,0,0,0,0,0,0,0,0,0,1,1025,0,false
C:\PROJECTS\Virtual-Coffee-Shop-master\Virtual-Coffee-Shop-master\GUIusingJavaFXinIntellij\src\sample\Coffee.java,sample.Coffee,getDescription/0,false,7,0,3,3,0,1,0,3,1,0,0,0,0,0,0,0,0,0,0,0,0,0,0,0,0,0,3,1,0,false
C:\PROJECTS\Virtual-Coffee-Shop-master\Virtual-Coffee-Shop-master\GUIusingJavaFXinIntellij\src\sample\Filter.java,sample.Filter,Filter/0,true,5,0,0,0,0,1,0,3,0,0,0,0,0,0,0,0,0,0,1,0,1,0,0,0,0,0,2,1,0,false
C:\PROJECTS\Virtual-Coffee-Shop-master\Virtual-Coffee-Shop-master\GUIusingJavaFXinIntellij\src\sample\Filter.java,sample.Filter,cost/0,false,8,0,0,0,0,1,0,3,1,0,0,0,0,0,0,0,0,0,0,1,0,0,0,0,0,0,1,1,0,false
C:\PROJECTS\Virtual-Coffee-Shop-master\Virtual-Coffee-Shop-master\Intermediate.java,Intermediate,getIterator/0,false,7,1,0,0,0,1,0,1,0,0,0,0,0,0,0,0,0,0,0,0,0,0,0,0,0,0,2,0,0,false
C:\PROJECTS\Virtual-Coffee-Shop-master\Virtual-Coffee-Shop-master\Filter.java,Filter,Filter/0,true,4,0,1,1,0,1,0,3,0,0,0,0,0,0,0,0,0,0,1,0,1,0,0,0,0,0,2,1,0,false
C:\PROJECTS\Virtual-Coffee-Shop-master\Virtual-Coffee-Shop-master\Filter.java,Filter,cost/0,false,7,0,0,0,0,1,0,3,1,0,0,0,0,0,0,0,0,0,0,1,0,0,0,0,0,0,1,1,0,false
C:\PROJECTS\Virtual-Coffee-Shop-master\Virtual-Coffee-Shop-master\Iterator.java,Iterator,hasNext/0,false,10,0,1,1,0,1,0,1,0,0,0,0,0,0,0,0,0,0,0,0,0,0,0,0,0,0,2,0,0,false
C:\PROJECTS\Virtual-Coffee-Shop-master\Virtual-Coffee-Shop-master\Iterator.java,Iterator,remove/0,false,12,0,1,1,0,1,0,1,0,0,0,0,0,0,0,0,0,0,0,0,0,0,0,0,0,0,1,0,0,false
C:\PROJECTS\Virtual-Coffee-Shop-master\Virtual-Coffee-Shop-master\Iterator.java,Iterator,next/0,false,11,0,1,1,0,1,0,1,0,0,0,0,0,0,0,0,0,0,0,0,0,0,0,0,0,0,2,0,0,false
C:\PROJECTS\Virtual-Coffee-Shop-master\Virtual-Coffee-Shop-master\Caramel.java,Caramel,cost/0,false,18,1,1,0,1,1,1,3,1,0,0,1,0,0,0,0,0,0,0,1,0,1,0,0,0,0,1,1,0,false
C:\PROJECTS\Virtual-Coffee-Shop-master\Virtual-Coffee-Shop-master\Caramel.java,Caramel,getDescription/0,false,14,1,1,0,1,1,1,3,1,0,0,1,0,0,0,0,0,0,1,0,0,1,0,0,0,0,2,1,0,false
C:\PROJECTS\Virtual-Coffee-Shop-master\Virtual-Coffee-Shop-master\Caramel.java,Caramel,Caramel/1[Coffee],true,10,1,1,1,0,1,0,3,0,0,1,0,0,0,0,0,0,0,0,0,1,0,0,0,0,0,3,1,0,false
C:\PROJECTS\Virtual-Coffee-Shop-master\Virtual-Coffee-Shop-master\GUIusingJavaFXinIntellij\src\sample\Cream.java,sample.Cream,Cream/1[sample.Coffee],true,12,1,0,0,0,1,0,3,0,0,1,0,0,0,0,0,0,0,0,0,1,0,0,0,0,0,3,1,0,false
C:\PROJECTS\Virtual-Coffee-Shop-master\Virtual-Coffee-Shop-master\GUIusingJavaFXinIntellij\src\sample\Cream.java,sample.Cream,getDescription/0,false,16,1,1,0,1,1,1,3,1,0,0,1,0,0,0,0,0,0,1,0,0,1,0,0,0,0,2,1,0,false
C:\PROJECTS\Virtual-Coffee-Shop-master\Virtual-Coffee-Shop-master\GUIusingJavaFXinIntellij\src\sample\Cream.java,sample.Cream,cost/0,false,20,1,1,0,1,1,1,3,1,0,0,1,0,0,0,0,0,0,0,1,0,1,0,0,0,0,1,1,0,false
C:\PROJECTS\Virtual-Coffee-Shop-master\Virtual-Coffee-Shop-master\GUIusingJavaFXinIntellij\src\sample\FinalBillIterator.java,sample.FinalBillIterator,remove/0,false,41,1,1,0,1,4,3,13,0,0,0,3,1,2,0,1,1,0,2,1,0,0,2,0,0,0,5,1,0,false
C:\PROJECTS\Virtual-Coffee-Shop-master\Virtual-Coffee-Shop-master\GUIusingJavaFXinIntellij\src\sample\FinalBillIterator.java,sample.FinalBillIterator,hasNext/0,false,19,0,1,1,0,2,1,6,2,0,0,1,0,0,0,0,0,0,0,0,0,0,1,0,0,0,5,1,0,false
C:\PROJECTS\Virtual-Coffee-Shop-master\Virtual-Coffee-Shop-master\GUIusingJavaFXinIntellij\src\sample\FinalBillIterator.java,sample.FinalBillIterator,next/0,false,29,2,3,1,2,2,3,6,1,0,0,3,1,1,1,0,0,0,0,0,1,1,1,0,0,0,4,1,0,false
C:\PROJECTS\Virtual-Coffee-Shop-master\Virtual-Coffee-Shop-master\GUIusingJavaFXinIntellij\src\sample\FinalBillIterator.java,sample.FinalBillIterator,FinalBillIterator/0,true,13,1,2,1,1,1,0,3,0,0,0,0,0,0,0,0,0,0,0,0,1,0,0,0,0,0,5,0,0,false
C:\PROJECTS\Virtual-Coffee-Shop-master\Virtual-Coffee-Shop-master\Milk.java,Milk,Milk/1[Coffee],true,11,1,1,1,0,1,0,3,0,0,1,0,0,0,0,0,0,0,0,0,1,0,0,0,0,0,3,1,0,false
C:\PROJECTS\Virtual-Coffee-Shop-master\Virtual-Coffee-Shop-master\Milk.java,Milk,cost/0,false,19,1,1,0,1,1,1,3,1,0,0,1,0,0,0,0,0,0,0,1,0,1,0,0,0,0,1,1,0,false
C:\PROJECTS\Virtual-Coffee-Shop-master\Virtual-Coffee-Shop-master\Milk.java,Milk,getDescription/0,false,15,1,1,0,1,1,1,3,1,0,0,1,0,0,0,0,0,0,1,0,0,1,0,0,0,0,2,1,0,false
